<?xml version="1.0" encoding="UTF-8"?>
<faces-config xmlns="http://xmlns.jcp.org/xml/ns/javaee"
	xmlns:xsi="http://www.w3.org/2001/XMLSchema-instance"
	xsi:schemaLocation="http://xmlns.jcp.org/xml/ns/javaee http://xmlns.jcp.org/xml/ns/javaee/web-facesconfig_2_2.xsd"
	version="2.2">
	<application>
		<resource-bundle>
			<base-name>JSF Hello World</base-name>
			<var>labels</var>
		</resource-bundle>
	</application>
	
	<navigation-rule>
		<from-view-id>/index.xhtml</from-view-id>
		<navigation-case>
			<from-action>#{loginBean.doLogin}</from-action>
			<from-outcome>fail</from-outcome>
			<to-view-id>/index.xhtml</to-view-id>
			<redirect></redirect>
		</navigation-case>
		<navigation-case>
			<from-action>#{loginBean.doLogin}</from-action>
			<from-outcome>success</from-outcome>
			<to-view-id>/index.xhtml</to-view-id>
			<redirect></redirect>
		</navigation-case>
		<navigation-case>
			<from-action>#{loginBean.doLogout}</from-action>
			<from-outcome>success</from-outcome>
			<to-view-id>/index.xhtml</to-view-id>
			<redirect></redirect>
		</navigation-case>
		<navigation-case>
			<from-action>#{firmaBean.addHalle}</from-action>
			<from-outcome>success</from-outcome>
			<to-view-id>/addHalle.xhtml</to-view-id>
			<redirect></redirect>
		</navigation-case>
	</navigation-rule>
</faces-config>